,Alert,Voice,Pain,Unresponsive,New Confusion
14,0.07611173459099285,-0.0033759531379888505,-0.002988859984291713,-0.006755476239542651,-0.010184089615418026
15,0.07611173459099285,-0.0027734057390979595,-0.002991864617503645,-0.006485571112548827,-0.010015235198963062
16,0.07611173459099285,-0.0023833310753389007,-0.0028976515069416148,-0.006373667592853389,-0.010152322888561053
17,0.07611173459099285,-0.002178600296313317,-0.0028330554163180253,-0.0062232771210297185,-0.00994835250865363
18,0.07611173459099285,-0.002108851931756313,-0.002710273525484529,-0.005871793944612855,-0.010129950142927124
19,0.07611173459099285,-0.002102265492988812,-0.002465929428835517,-0.005875600178071462,-0.009972661329135584
20,0.07611173459099285,-0.0017169857156080076,-0.002416815814169653,-0.005592314894167137,-0.010043748363653203
21,0.07611173459099285,-0.0014164617547978153,-0.0022177476903303345,-0.00547605332508409,-0.010027810991152183
22,0.07611173459099285,-0.0009664616115768916,-0.0019368236841710166,-0.0054555369277205015,-0.00973481020317361
23,0.07611173459099285,-0.00048460220114605185,-0.002097766719677348,-0.005250038061507348,-0.009603134707184324
24,0.07611173459099285,2.5541728400035185e-05,-0.0023216401063161137,-0.005147774583850554,-0.009338583919715995
25,0.07611173459099285,-1.5401850872034245e-05,-0.002396164114364459,-0.005275973857372147,-0.009276796415532178
26,0.07611173459099285,0.000201475986821964,-0.0024670758873248325,-0.00513384317433487,-0.009326815955980016
27,0.07611173459099285,0.0007152404020330343,-0.0025064700602945673,-0.005070847349584975,-0.008984055798384929
28,0.07611173459099285,0.0007873199542755734,-0.002249660494464922,-0.004990247670718255,-0.008542226312789804
29,0.07611173459099285,0.000790152173602638,-0.0022492087365619815,-0.005209083817389453,-0.008642423792452444
30,0.07611173459099285,0.0008767457329029449,-0.0023640935678333674,-0.004764742538472375,-0.008343376004190852
31,0.07611173459099285,0.0008337711626174547,-0.0023456195264803933,-0.004061316677483488,-0.007862979213981984
32,0.07611173459099285,0.0009572853471421228,-0.002339709264635413,-0.003817013406488129,-0.007561396096434345
33,0.07611173459099285,0.0013233479442878067,-0.0022234541955501548,-0.003662905027231383,-0.007656865300182055
34,0.07611173459099285,0.001873493777452509,-0.0020254644424641697,-0.003622264656402332,-0.007453542560002659
35,0.07611173459099285,0.0021751540309967454,-0.0023479118366823122,-0.0034164638610108614,-0.007651956411146521
36,0.07611173459099285,0.001982641222498433,-0.0022531321983722662,-0.0035162653369937708,-0.007567273919476734
37,0.07611173459099285,0.0022181366428393468,-0.0022098255969348352,-0.0034107285004706216,-0.00730585351531059
38,0.07611173459099285,0.0023125973506726676,-0.0020283532975649693,-0.0028221656285860822,-0.007320542724657833
39,0.07611173459099285,0.0022918144915958956,-0.001997886763427167,-0.002706634420051075,-0.0069688399880866725
40,0.07611173459099285,0.002148296670717937,-0.0018410010106029917,-0.002600118858455987,-0.006756524746792628
41,0.07611173459099285,0.0018802116755073962,-0.001906350832381598,-0.0029456189493648494,-0.006824464109169058
42,0.07611173459099285,0.002055852299543314,-0.0017148866948593694,-0.002774991543613353,-0.006884142021806816
43,0.07611173459099285,0.00205881614068143,-0.0015759401921810008,-0.002832786445806597,-0.006642529357381032
44,0.07611173459099285,0.0017072651347125982,-0.0016745733128010103,-0.0028221081200757187,-0.00643973988546
45,0.07611173459099285,0.0018058288198376272,-0.0015814558425943223,-0.002696915922625614,-0.006485100971501585
46,0.07611173459099285,0.0018370983838872403,-0.0013715084948443214,-0.003101741573411072,-0.0060670667609533414
47,0.07611173459099285,0.0019699438557319385,-0.0014965951612460207,-0.003223589803230769,-0.005678403711712871
48,0.07611173459099285,0.0018555662861007294,-0.0014504016175155305,-0.0032807785880463736,-0.0054148658561820814
49,0.07611173459099285,0.00190428603925398,-0.0013537154253829382,-0.003181083537612407,-0.005161701426868458
50,0.07611173459099285,0.0026220193809451987,-0.0014929436518848066,-0.0029540184309752547,-0.005497526359467583
51,0.07611173459099285,0.0025943081102171653,-0.0014232465303284708,-0.002947531094256531,-0.005144049191474286
52,0.07611173459099285,0.0023648476914167778,-0.000968839271774216,-0.002874543686435166,-0.005296679517084176
53,0.07611173459099285,0.0024691439689915017,-0.0009236928862872444,-0.0027242003987694684,-0.005166498701404978
54,0.07611173459099285,0.0023481652866648058,-0.0008016571629856995,-0.0027261384209473043,-0.004668905833042438
55,0.07611173459099285,0.002003885903468502,-0.0008297520293027811,-0.0028127548050320434,-0.004500402297203464
56,0.07611173459099285,0.002477046226087732,-0.0008671769521801671,-0.0028625993984728888,-0.0042215556498162304
57,0.07611173459099285,0.0027289745992899427,-0.0009274345257679825,-0.00256903345484967,-0.004201258499536131
58,0.07611173459099285,0.003133866105586039,-0.0008810781823179901,-0.0027530944470230932,-0.004480287524476843
59,0.07611173459099285,0.00329400680324074,-0.0008487263642518866,-0.003221213591137931,-0.004460528237612019
60,0.07611173459099285,0.0034330758335907145,-0.0007977994044331468,-0.002974976100002481,-0.004067708255960659
61,0.07611173459099285,0.0036045496795937167,-0.0011317826038678936,-0.003087305149230687,-0.003987698918400322
62,0.07611173459099285,0.0034122425323434118,-0.0013124317866179168,-0.003141933155406595,-0.0041082375042610884
63,0.07611173459099285,0.003592460250498631,-0.0012397649533736708,-0.0030426626779848573,-0.003710546336221081
64,0.07611173459099285,0.0038062282454216466,-0.0013741977062375994,-0.002600849913292555,-0.0031055700249903867
65,0.07611173459099285,0.0038099645392015435,-0.0012818864990487488,-0.002576983059017098,-0.0028275377880425945
66,0.07611173459099285,0.0035517555218056752,-0.0014947852906598506,-0.0029574853520638253,-0.0022541008979103452
67,0.07611173459099285,0.0039626095185767984,-0.0016035590888129761,-0.003032307982041618,-0.0023369961892360097
68,0.07611173459099285,0.004110870647032361,-0.0017885481396019403,-0.0029954950809659847,-0.0019820966274626886
69,0.07611173459099285,0.0042989908454899965,-0.0016679233058804286,-0.002693528170895477,-0.0015710406588357942
70,0.07611173459099285,0.004459089414412854,-0.0017728003019960954,-0.003033669781824816,-0.0013194433136482636
71,0.07611173459099285,0.004300523913523705,-0.001763155697601636,-0.0030311521584612724,-0.0015874601079079037
72,0.07611173459099285,0.004534632712310416,-0.0015851623240437452,-0.002831947238604776,-0.0009338475399835802
73,0.07611173459099285,0.004468860682126551,-0.0015060475867248414,-0.0029069790676688623,-0.000620151913274393
74,0.07611173459099285,0.004377361993808407,-0.001658968953192774,-0.002788990107037422,-0.0004069531631083756
75,0.07611173459099285,0.004338431920464153,-0.0016493451087841882,-0.002527977851669569,-0.00032698144141454777
76,0.07611173459099285,0.004310158127931802,-0.0015277645616717265,-0.0027258971897827014,2.0948712622391452e-05
77,0.07611173459099285,0.004223378548064663,-0.0013376517267843988,-0.0028380697183686045,0.0
78,0.07611173459099285,0.003177388652848785,-0.0010280642606962853,-0.002945648926642728,0.0004053934666179565
79,0.07611173459099285,0.00301443015973632,-0.0010267114468434715,-0.0029235003797842777,0.0002456011683239154
80,0.07611173459099285,0.003943192558000658,-0.0013570667702005332,-0.002988628703841173,0.0005285084488831984
81,0.07611173459099285,0.0037771829723482163,-0.0012585545293098193,-0.0030241800881407963,0.0006510126865535079
82,0.07611173459099285,0.004129012889254418,-0.0014119122422504519,-0.0031363494796544846,0.00014871039909294254
83,0.07611173459099285,0.004422942888323858,-0.001302022362846168,-0.0030414450277490377,0.0002909289425930689
84,0.07611173459099285,0.0039996128418006045,-0.0012952855564003912,-0.002894737918810189,0.00021520467109455155
85,0.07611173459099285,0.0038906593110620037,-0.001278631445588289,-0.002871262210634348,0.0002910211788298908
86,0.07611173459099285,0.003423138692309702,-0.0011869876510381431,-0.002569352059285268,0.0008273846772067772
87,0.07611173459099285,0.00352041294049725,-0.001246573529185023,-0.0026642789327619015,0.0006163177338079015
88,0.07611173459099285,0.003270616526692617,-0.0012101729830299706,-0.002904351499849217,0.00010691907640119486
89,0.07611173459099285,0.0032968183525741712,-0.0011765678691734388,-0.0029270100530754198,0.0003359350596659344
90,0.07611173459099285,0.0036098420693657512,-0.0009190746025616314,-0.0031025182719642986,0.0006728824091240676
91,0.07611173459099285,0.0032580239191301874,-0.0009269833241973297,-0.0033065695398453547,0.0005907164502478371
92,0.07611173459099285,0.0029959000247874457,-0.0007246293701789969,-0.003516114048739371,0.0002767668332975051
93,0.07611173459099285,0.0028820290790141784,-0.000742149118829004,-0.0034928388294373103,0.00024304772743261038
94,0.07611173459099285,0.0031418019289256686,-0.0006852416148632615,-0.0034457023628313415,0.00014661766351354438
95,0.07611173459099285,0.0027542817742624397,-0.0005987835415131705,-0.003336079202290192,0.0004562450392876158
96,0.07611173459099285,0.0027755585754103453,-0.00048781784375865906,-0.0034364988066238524,0.0002027612579279317
97,0.07611173459099285,0.00261360481600096,-0.000609474532353496,-0.0035258017409123214,0.0001577130845375127
98,0.07611173459099285,0.002498781837629284,-0.0006406952874402211,-0.003468525945924285,0.0006766951154078063
99,0.07611173459099285,0.002781753265272701,-0.0006819324953146952,-0.003340730297482294,0.0010367517135876358
100,0.07611173459099285,0.002881797131415384,-0.0006518771555248408,-0.003498376706752418,0.001061349823873993
101,0.07611173459099285,0.0031774736392653456,-0.0005997464477779267,-0.003611321509962708,0.0011214903307825569
102,0.07611173459099285,0.0033065534143628186,-0.0004842079244181752,-0.003665100491792136,0.0011234341316129492
103,0.07611173459099285,0.0034013130145574555,-0.0004986043471950433,-0.0035620445228143807,0.0011045525941201714
104,0.07611173459099285,0.0032798827255294018,-0.0003721869609569495,-0.0034033239616994056,0.0010414063875191226
105,0.07611173459099285,0.003322352172721161,-0.0006273123051477921,-0.0033145005975114914,0.0013858075957933619
106,0.07611173459099285,0.0034374948756827235,-0.0008203015644838727,-0.003370386750273501,0.0015491673295075503
107,0.07611173459099285,0.003271467653612751,-0.0006874268848669832,-0.003662125186699774,0.0021877800016601306
108,0.07611173459099285,0.002659583483241114,-0.0005931895299185978,-0.003868230291631263,0.0024480183251774645
109,0.07611173459099285,0.0028573056315905378,-0.0005045200136478203,-0.0039038369361713635,0.0029386694282450138
110,0.07611173459099285,0.0027164042144812786,-0.0004265201173518675,-0.0037835109851396143,0.003418045246954271
111,0.07611173459099285,0.0026836453168181847,-0.00026941442107401674,-0.00395377325368974,0.00309467548998469
112,0.07611173459099285,0.0028857287539506525,-0.00046464039785498387,-0.0042582664064354896,0.003027380035498628
113,0.07611173459099285,0.0030465182595427465,-0.00033070990655125095,-0.004302428186259784,0.003020399371685384
114,0.07611173459099285,0.003220238797749554,-0.0003046629490963508,-0.004457656492694388,0.0024196583048426215
115,0.07611173459099285,0.002960671675842085,-4.019751102982659e-05,-0.004237648498646355,0.0029516211760891586
116,0.07611173459099285,0.0033701416865592262,-5.85102039235251e-05,-0.004167889818712009,0.003069063206538679
117,0.07611173459099285,0.002918523932708375,0.0002590445636482426,-0.004227595011098767,0.0033697673080291535
118,0.07611173459099285,0.0026348806672215376,-8.628784487544824e-05,-0.0040126535431821205,0.00339645408480313
119,0.07611173459099285,0.0025413750568849154,2.49823306029736e-05,-0.003493718707755347,0.0036996147659947576
120,0.07611173459099285,0.002956723544363743,-0.00010860314337502765,-0.0033399197020574072,0.003852716540116513
121,0.07611173459099285,0.0030090421636913382,-0.0002844322739943353,-0.0034705159436490274,0.003919287044373415
122,0.07611173459099285,0.0032665811406245616,0.00011202862453995807,-0.0033855132996880935,0.004275903019438025
123,0.07611173459099285,0.0034179055779267886,-9.108579658394234e-05,-0.003563806046313652,0.004107863824664604
124,0.07611173459099285,0.0035032937261409956,-0.00010070511709151485,-0.0035976584498343036,0.0038218664663694987
125,0.07611173459099285,0.0033001793050170952,0.00011009949189902737,-0.0035470717395054713,0.0042775076471125995
126,0.07611173459099285,0.003032543884086549,0.0002054413553563908,-0.0034761519523910343,0.004239346059485727
127,0.07611173459099285,0.0027195777442382135,0.00020726378458165058,-0.0033642567909713556,0.0041515396250838416
128,0.07611173459099285,0.0028182880113507003,0.00011868768563409564,-0.0033597007179082053,0.003843090189996845
129,0.07611173459099285,0.002545274094720388,0.00025518395324435235,-0.003253294365276403,0.004021559647184023
130,0.07611173459099285,0.0025851205577029253,0.00038314106508530524,-0.003317191525159526,0.003997763092008527
131,0.07611173459099285,0.0023579997189743865,0.00025309062930125616,-0.003388418430050154,0.004370971425649198
132,0.07611173459099285,0.002450006245859785,1.1301263774297562e-05,-0.0032449409581232092,0.004201470222921319
133,0.07611173459099285,0.0028373762385823335,-8.566614751010296e-05,-0.003346263841150667,0.003903492104589415
134,0.07611173459099285,0.00298330303138308,-0.00017427248276738645,-0.00330209192751222,0.003958919133700653
135,0.07611173459099285,0.003200713165972313,-0.00022203619492036641,-0.002876666693652734,0.0036698717714189755
136,0.07611173459099285,0.00276016935655057,7.397208899957361e-06,-0.0027572116333544824,0.0037108562814895524
137,0.07611173459099285,0.0028585656555800976,-7.542283652523483e-05,-0.0025280412406963517,0.003250966837090634
138,0.07611173459099285,0.002476673448074812,6.0994341910067945e-05,-0.0023974338002761657,0.003245622978284457
139,0.07611173459099285,0.0024275991393905433,-0.00018089550000871882,-0.0021957254230944544,0.003426954390246151
140,0.07611173459099285,0.0025749565320930083,0.00010184768970126351,-0.002097393067485376,0.003390598202552164
141,0.07611173459099285,0.0026286129193028272,0.00016437238990712338,-0.002272040826436455,0.0033385359592479485
142,0.07611173459099285,0.0028788441156997226,5.677261482884763e-06,-0.0024855685761960896,0.0037916592571988345
143,0.07611173459099285,0.0031074131848485044,-0.0002645029979902718,-0.0024795689827567732,0.0035694166731669516
144,0.07611173459099285,0.0027595544044552688,-0.00031377601413075905,-0.0024687140455763017,0.003904068678276834
145,0.07611173459099285,0.0029918442397756824,-0.0005363999474250073,-0.0022456690183144078,0.003723145245073764
146,0.07611173459099285,0.003038860476550956,-0.00035972563450348966,-0.00240363918312452,0.0032199481646333905
147,0.07611173459099285,0.0033424237623303835,-0.0003272917003246216,-0.0029168003825761867,0.0029809262742250056
148,0.07611173459099285,0.003040510240480087,0.00011198300463291337,-0.0028923315599343694,0.0029340971109017427
149,0.07611173459099285,0.0032642342933327483,0.00033551089832851815,-0.002884862289392118,0.0025866664605009165
150,0.07611173459099285,0.0032841628092753067,0.000274243849120585,-0.002864989802810705,0.0021853061442640986
151,0.07611173459099285,0.003270092728004357,0.0003821545899620714,-0.0026790514325401218,0.0018924979479908108
152,0.07611173459099285,0.0031640735318591295,0.0005208947895905224,-0.0026335508901736554,0.002125096427821764
153,0.07611173459099285,0.0033196026584935874,0.0004302513530242084,-0.002664906831271718,0.0019805923030645697
154,0.07611173459099285,0.0036998754420615003,0.0003290098199353088,-0.002556674902402538,0.0018024752105374464
155,0.07611173459099285,0.003501803938248626,0.00045435343028780995,-0.0025112346753612402,0.0018635511096392401
156,0.07611173459099285,0.00337209595942568,0.0006064765859708481,-0.0021644039665237695,0.0019144861914671962
157,0.07611173459099285,0.003501010327581086,0.0006528343169917052,-0.002302163933051493,0.001613152308237109
158,0.07611173459099285,0.003289621026665999,0.00040204275612772816,-0.00221753692928686,0.001713152677924247
159,0.07611173459099285,0.0033932015819157224,0.00047615222655476505,-0.001984211209268767,0.001708305378179606
160,0.07611173459099285,0.003399695291973811,0.000526788314401656,-0.0020932009454177527,0.002035946815864581
161,0.07611173459099285,0.0032126909156986357,0.0007845408407603192,-0.001989496189018305,0.001894943892950085
162,0.07611173459099285,0.0030540290399356552,0.0008986499664973523,-0.0021728589006642512,0.0015303845353724643
163,0.07611173459099285,0.003090814866246641,0.000858890472956347,-0.0024740321669537955,0.0016694094951830857
164,0.07611173459099285,0.003254683053370639,0.0008304626272844385,-0.0023571478063719557,0.001877075784254556
165,0.07611173459099285,0.0034851456087631634,0.00099806059952816,-0.002353137608706639,0.0016986270391953634
166,0.07611173459099285,0.004012709390511456,0.0008159863173097005,-0.0024647999070350896,0.0019100135722471615
167,0.07611173459099285,0.003790310584506646,0.0008935897730009325,-0.002502492477739964,0.00200904219801961
168,0.07611173459099285,0.003712625557426772,0.0007102530747835293,-0.002453472738947051,0.001991382578012256
169,0.07611173459099285,0.0034754408131174655,0.0005619895122513825,-0.002394362342318988,0.002008038438885626
170,0.07611173459099285,0.0029288720771730517,0.0006516300779355368,-0.0020929856170813516,0.002169263082256949
171,0.07611173459099285,0.0031141024032906653,0.0009574016189246078,-0.00226565677141991,0.0025334160789116586
172,0.07611173459099285,0.0031622276746476156,0.001118530011585914,-0.002108220567905583,0.0022305712195042557
173,0.07611173459099285,0.003329496325072876,0.0010668953052540998,-0.002213343874358495,0.0023049524273598618
174,0.07611173459099285,0.0032549240055169543,0.0010733446968780262,-0.002075168861651778,0.002616364617654042
175,0.07611173459099285,0.003006276302992106,0.0011511084847245674,-0.0018857622779710637,0.0030653374342470632
176,0.07611173459099285,0.003021939111221641,0.0010052144081733761,-0.002015389960597365,0.0034839137298373346
177,0.07611173459099285,0.002947701298916368,0.0009483246516579155,-0.0019031862180751268,0.004098456351453748
178,0.07611173459099285,0.0026412425957358723,0.0006683242409906472,-0.0020213372280295985,0.003959593475921806
179,0.07611173459099285,0.0025904729349133827,0.0009048560151258423,-0.0019211204143782714,0.004123161466599384
180,0.07611173459099285,0.002927290095578551,0.001098002070947953,-0.001893452937607884,0.004881212736159601
181,0.07611173459099285,0.0034304357367738354,0.0009714183070218853,-0.0019701954439278555,0.004701169453135978
182,0.07611173459099285,0.0035133047456991813,0.0010891569677479972,-0.0018566746056277277,0.004660257565993066
183,0.07611173459099285,0.003993513950151569,0.0010561252881358032,-0.0021645388993174215,0.004726032706563868
184,0.07611173459099285,0.004254167879594886,0.001061928566555707,-0.002699771538514051,0.004606899225547946
185,0.07611173459099285,0.0043226826860217026,0.0007951805472422371,-0.0026311847528748666,0.004805764151320162
186,0.07611173459099285,0.004717277171132083,0.0009376321836007881,-0.0026440159558337017,0.0046515621349825995
187,0.07611173459099285,0.005067554911685271,0.0010115108461973537,-0.002856413717757439,0.0038711976331609263
188,0.07611173459099285,0.005299616243045008,0.0011106735980728373,-0.0025217214100138,0.0039047046703740845
189,0.07611173459099285,0.005713609245453836,0.0010385372239439094,-0.002585398425839781,0.004038963338409689
190,0.07611173459099285,0.005945387603997886,0.0010543510393796526,-0.002429745156446058,0.004125651775117388
191,0.07611173459099285,0.0061243395780792124,0.0010935266012032964,-0.0021776364449800703,0.003768830446096473
192,0.07611173459099285,0.006321586514456582,0.000986626531072633,-0.0021661142209142923,0.0036871669210552793
193,0.07611173459099285,0.006089605736598919,0.001005918603804645,-0.0020811739022484326,0.0037863576921196573
194,0.07611173459099285,0.006066182001703127,0.0010341143900241927,-0.002026024112935813,0.003794766547313623
195,0.07611173459099285,0.006449987262620301,0.0011792404023454484,-0.0019696325404967158,0.0038132263483821247
196,0.07611173459099285,0.0062918847113538415,0.0012269035953241282,-0.001608943379014691,0.0038822359881661855
197,0.07611173459099285,0.006298616630870699,0.0012163691657249495,-0.0014814046759501764,0.004205490293782012
198,0.07611173459099285,0.006580112275655064,0.0013414962065396666,-0.0015487222504619955,0.004319614449931085
199,0.07611173459099285,0.0063272859652747995,0.0012306373535260519,-0.001550410874494583,0.003866120769929371
200,0.07611173459099285,0.006387597986972041,0.0011584079704014209,-0.001636061053066901,0.004026171986318619
201,0.07611173459099285,0.0061989184730949325,0.0012696923294061458,-0.0017751129004817696,0.0034850349925582905
202,0.07611173459099285,0.006471909103374758,0.0013796357465586627,-0.0017909683722642927,0.0036852471886652735
203,0.07611173459099285,0.006863262936977834,0.0011821556856960423,-0.0017882270969031087,0.0033383903649316024
204,0.07611173459099285,0.007301026336989706,0.0010238364827053533,-0.0018307972487709556,0.0031697939749757917
205,0.07611173459099285,0.0071203203862037386,0.001242153102527923,-0.001508809055027734,0.0026923211066338243
206,0.07611173459099285,0.007599247192547495,0.0013142922731887528,-0.0015205562241407053,0.002810374956994266
207,0.07611173459099285,0.008264136964341567,0.0013491850841979552,-0.0017622508471027715,0.00320379158730022
208,0.07611173459099285,0.008166720682701158,0.0011843042825162142,-0.0015648123551521998,0.0025809777947496254
209,0.07611173459099285,0.00786586642784776,0.0013678643326859793,-0.0012581791151572014,0.002643329827920024
210,0.07611173459099285,0.0077708466085218385,0.001242842266093615,-0.0013026182239607234,0.0025169105451231105
211,0.07611173459099285,0.007772272639625235,0.001424189247659387,-0.0010809642439379066,0.002523376894242292
212,0.07611173459099285,0.007737789472153627,0.001538051027360909,-0.0008325481812185478,0.0025281307702358577
213,0.07611173459099285,0.007558233169939043,0.001662296376540891,-0.0009861298824931294,0.0026103219424596855
214,0.07611173459099285,0.007660990133586603,0.0015489992591327766,-0.0008855038609350396,0.002533220436115445
215,0.07611173459099285,0.006977921543650411,0.001334638191050435,-0.0007210028087155894,0.003389009509801477
216,0.07611173459099285,0.00703671124658194,0.0013770667152542167,-0.0010434909885973908,0.003398049255522187
217,0.07611173459099285,0.006650724768553839,0.0012982877452782458,-0.0010299406931204517,0.0036609032863891
218,0.07611173459099285,0.006652804269344854,0.0011922050895736627,-0.0010972454715396651,0.003735221564821034
219,0.07611173459099285,0.00620842297661528,0.0012433764816283024,-0.0013073478909993632,0.004224973580026957
220,0.07611173459099285,0.005994194773256641,0.000958627243410011,-0.0013155439088029571,0.003926565646515133
221,0.07611173459099285,0.0059709266777692865,0.0007997700171819624,-0.0011985442995692524,0.004105590457564916
222,0.07611173459099285,0.005772207432310779,0.0009321719548750322,-0.001222540859422432,0.004128152882009455
223,0.07611173459099285,0.005521066293047362,0.000861245605112174,-0.0014626514851807642,0.0044408671491925275
224,0.07611173459099285,0.005514981056433506,0.0009247759783770609,-0.0014971106470220725,0.004575684168269478
225,0.07611173459099285,0.005516343645559387,0.0009897808659625942,-0.0014042094479261823,0.004403861582114213
226,0.07611173459099285,0.00556550785401563,0.0009261168060312932,-0.0015225937517943586,0.004526377416636446
227,0.07611173459099285,0.005724808231057938,0.0008452105002604866,-0.0012816779566586466,0.00470539645775736
228,0.07611173459099285,0.00565222814930413,0.0011033979898541386,-0.0016190602819216304,0.004309140535129513
229,0.07611173459099285,0.0058617360886671875,0.0010574956163655579,-0.001595221948365401,0.004875572680509026
230,0.07611173459099285,0.0054827065851231,0.0010454218213303036,-0.0014164106119185973,0.004672540638704002
231,0.07611173459099285,0.005215129334787228,0.0010328255634644828,-0.0015706868818135284,0.0050539406946213325
232,0.07611173459099285,0.004903893729433978,0.0011475460766313065,-0.001580616522415276,0.0050228445596086566
233,0.07611173459099285,0.0046354776495634575,0.0009926967106534332,-0.001734458629020193,0.00478615302435581
234,0.07611173459099285,0.004177782127026436,0.0010573379517652623,-0.0016603495863907382,0.004727481503772224
235,0.07611173459099285,0.0038382426318353674,0.0009830596738240986,-0.0012078608986079344,0.004164914106971659
236,0.07611173459099285,0.0036766395290557946,0.000850165285684967,-0.0012409545785424091,0.004047154671633621
237,0.07611173459099285,0.0036242614804830355,0.0010569180094273708,-0.001234822977341234,0.003950634972718796
238,0.07611173459099285,0.003733694426131362,0.0009883311580828839,-0.0012784850432247235,0.004005721374537231
239,0.07611173459099285,0.003706469843874599,0.0007189129703616317,-0.0015210106211770782,0.0038029263157106988
240,0.07611173459099285,0.0033959753141394183,0.0005332340798887957,-0.0014604200086636553,0.004320620939723435
241,0.07611173459099285,0.0033605180579329777,0.00043968904164156525,-0.0012071654324486078,0.004526850220426537
242,0.07611173459099285,0.003098365962307375,0.0007616534438408019,-0.0010901603609500977,0.004459968468276232
243,0.07611173459099285,0.0035922660585672866,0.0008411300199646036,-0.0011074001335714765,0.004183118107295575
244,0.07611173459099285,0.003411481415943114,0.0005479419016259333,-0.0011593304516576766,0.0037684846565421704
245,0.07611173459099285,0.0033093424208980697,0.0005528757605066052,-0.0012340090350348217,0.0039003434396365777
246,0.07611173459099285,0.003086800242434181,0.0006674629390472711,-0.0012612823105140909,0.004021010888959328
247,0.07611173459099285,0.0031684830172364134,0.0007235302847570946,-0.0012097565322441266,0.004229729625402516
248,0.07611173459099285,0.003436878489120259,0.0010907490609302472,-0.0013630981664985269,0.00435112906941601
249,0.07611173459099285,0.0035168724467986544,0.0010979653370003836,-0.0015177531934126715,0.004425616897633669
250,0.07611173459099285,0.003768174449427293,0.0009390218372318272,-0.0014366369049946884,0.004324144133205511
251,0.07611173459099285,0.004099521792314261,0.0009014518135580726,-0.0008973975127138985,0.0042168113013074104
252,0.07611173459099285,0.004199608394612128,0.00072249517323544,-0.0010086090642723866,0.004351261791540599
253,0.07611173459099285,0.004159291085256627,0.0007652772882264895,-0.0007821665659055784,0.004048022468975121
254,0.07611173459099285,0.004104795249587758,0.0007652772882264895,-0.0006267796854556671,0.0036353462252932955
255,0.07611173459099285,0.003696353733123745,0.0008313915448505023,-0.001040458670563224,0.0034734197321648203
256,0.07611173459099285,0.003834246728159598,0.0007104844887670884,-0.0008061980593521804,0.003800825527637275
257,0.07611173459099285,0.0034270083359159154,0.0007924353725688848,-0.0006587587947264797,0.003471563570166862
258,0.07611173459099285,0.0033034199990632403,0.000709818055979328,-0.0007997311319372247,0.0032956887495926013
259,0.07611173459099285,0.003713400801729133,0.00078324443342454,-0.0008209318719086187,0.0030743862411109213
260,0.07611173459099285,0.0034758213754517535,0.000670614232912748,-0.0006754003113778988,0.0028666768734184334
261,0.07611173459099285,0.0038088824626746065,0.0005576155049555696,-0.0008961555043810118,0.002986060966446401
262,0.07611173459099285,0.003549833001497485,0.0004735757817520541,-0.0009983485230758097,0.0030399902633648362
263,0.07611173459099285,0.0036914273259172972,0.00028232405006570205,-0.0012676972106386627,0.003333741307303427
264,0.07611173459099285,0.003659809327547378,0.0002578323049435855,-0.0014847965321309158,0.003141950702331711
265,0.07611173459099285,0.0036003496545551454,0.00014845099560949378,-0.0018114782076664587,0.0033439839391138024
266,0.07611173459099285,0.003426144442384319,0.00015203295936844913,-0.0018463771693169508,0.003427360630305236
267,0.07611173459099285,0.003430243313719109,0.0003534548348419833,-0.0018410042236785187,0.0034231015887303262
268,0.07611173459099285,0.0037267034907102585,0.0001416160864178683,-0.0015170709590773615,0.002917294377425432
269,0.07611173459099285,0.003938775422764898,0.00025741692391941136,-0.0015969489251341888,0.002498507306311036
270,0.07611173459099285,0.0037808725006343337,-0.00015932620407004168,-0.0017930632467093796,0.0028278633379579185
271,0.07611173459099285,0.0037762964997975802,-0.00018991444795787155,-0.0017836935535994487,0.0029577998572089675
272,0.07611173459099285,0.003576513821153624,-8.103033568625413e-05,-0.0016225345969964056,0.0029039360499042086
273,0.07611173459099285,0.0034507367884506826,-4.128398810684941e-05,-0.0014414321880374774,0.002287643575940801
274,0.07611173459099285,0.0033401455633077295,-0.00013735264812899696,-0.001363919737953797,0.002200026913754996
275,0.07611173459099285,0.0035289760758290996,-0.00019833371339051005,-0.001422059272837518,0.001832492186782421
276,0.07611173459099285,0.0030555541489187994,-0.00011001566625087368,-0.0013420405446206759,0.0016247920854653014
277,0.07611173459099285,0.00276363210512141,-6.640548482487497e-05,-0.0015863642189658054,0.0016930812673876805
278,0.07611173459099285,0.002177137398309815,-3.849816946816659e-05,-0.001722259787967497,0.0017533142157312998
279,0.07611173459099285,0.0018450119406418289,-9.322680059835331e-05,-0.001881951648064215,0.0011572683989562599
280,0.07611173459099285,0.001788893969544101,0.000227098562984104,-0.0021564978100036877,0.0009491355201173071
281,0.07611173459099285,0.0018285617457904947,0.00015986784408307184,-0.0024170196506149728,0.0014228641228752267
282,0.07611173459099285,0.0017087858587330473,0.00023356065845911607,-0.0025150750887082875,0.0014967829225221857
283,0.07611173459099285,0.0018618515649233523,0.00032705934075024333,-0.0022043162375767634,0.001513311278663096
284,0.07611173459099285,0.001715964773073824,0.00012047173310722643,-0.0022171744882216547,0.0017618734421481624
285,0.07611173459099285,0.0018239508056390602,-1.645803880153708e-05,-0.002144946490060749,0.001715785221021962
286,0.07611173459099285,0.002180172043880657,5.486443727116888e-05,-0.002318453392821853,0.0017384949245582149
287,0.07611173459099285,0.0017009178421999865,9.632322442597145e-05,-0.0022457983793848016,0.001817430618847593
288,0.07611173459099285,0.00174146505057228,0.0001822892678388227,-0.0020753957372654838,0.0020971667066604846
289,0.07611173459099285,0.0018531929684979347,0.00023605985985304147,-0.0019126742979482993,0.0025467720164860097
290,0.07611173459099285,0.0020220548394874645,0.00036893335909300544,-0.0016643727546244973,0.0024175163897292504
291,0.07611173459099285,0.0016638200619892296,0.0005619135888004067,-0.0016092716740654794,0.002175493503393966
292,0.07611173459099285,0.001885551055506817,0.000578255180787756,-0.0014028115559096797,0.0028270345698592006
293,0.07611173459099285,0.0020741116496573696,0.0004643642882627957,-0.0010653049665580727,0.0026737158357573107
294,0.07611173459099285,0.0020544753818661186,0.00038030386372835123,-0.0007180959261521153,0.0034325827994924896
295,0.07611173459099285,0.0023581844285993463,0.00030773145445594716,-0.0004535106936999732,0.0036150813440338145
296,0.07611173459099285,0.00191795783659518,0.0005388265131372125,-0.000806403264782667,0.0035893884384873564
297,0.07611173459099285,0.001909096080791331,0.0004854087074510176,-0.0009132108428546136,0.0035795377968479355
298,0.07611173459099285,0.0020628749702024073,0.0007838159826629061,-0.0006547134894640764,0.0037614395335916484
299,0.07611173459099285,0.0019114933915007938,0.0010805676024702102,-0.0006814395509780191,0.003766682792857544
300,0.07611173459099285,0.0020192075182085094,0.0011741179349478107,-0.0008506640644271053,0.0043106526808361564
301,0.07611173459099285,0.002157082886180519,0.001328689641345764,-0.0008765914755775716,0.0049025869249564105
302,0.07611173459099285,0.0019891367576262767,0.0014444784149557667,-0.001003087147023964,0.005167328237552206
303,0.07611173459099285,0.0017413648963222998,0.0013947609861649692,-0.0008614271310622718,0.0051530816894671955
304,0.07611173459099285,0.002115799586399448,0.0015969512191190745,-0.0008489303451636818,0.0053204430637251166
305,0.07611173459099285,0.0024377491569235778,0.0014503375944689041,-0.00047661285536302646,0.0050306580978604215
306,0.07611173459099285,0.0028565026810869025,0.001570204737813389,-0.00029554241229516436,0.0051612289936948524
307,0.07611173459099285,0.0027747813539523818,0.001623945257895703,-0.0002904503235891063,0.004999285063955916
308,0.07611173459099285,0.00310326793520525,0.0014981298755521975,-0.00012431405947330686,0.004769349288572609
309,0.07611173459099285,0.0030964901409808836,0.00152951100441958,-0.00022101972858178977,0.004248416785164667
310,0.07611173459099285,0.003091164795013087,0.0015322412213943683,-0.0002900711794986549,0.004215785194978089
311,0.07611173459099285,0.003081115053330346,0.0014721965053937965,-0.00017679892175398275,0.004264961985060989
312,0.07611173459099285,0.003029939358407587,0.0014599143912990224,-0.00023657522150064003,0.0038270271079137927
313,0.07611173459099285,0.003094949775105566,0.0016929806525384384,-0.0003184960216242195,0.003883294880436608
314,0.07611173459099285,0.0033080399502070715,0.0015214938518139758,1.5538414819460736e-05,0.004288397518697418
315,0.07611173459099285,0.0033892458786479174,0.0016175553904273846,-0.0001237152187317913,0.004410962797899473
316,0.07611173459099285,0.003382640461138533,0.001397009784886714,-0.0003959204264147413,0.004262360479223848
317,0.07611173459099285,0.003339637961194058,0.0011999927772602757,-0.0005147935462750265,0.0038932238417805007
318,0.07611173459099285,0.003605304070887806,0.0010955374681741147,-0.0006585418751336568,0.004090604996719073
319,0.07611173459099285,0.0036745634103052364,0.001101735527872929,-0.0006884276996777534,0.004356466033350548
320,0.0758216693263083,0.0034737770939507265,0.0009378015656041332,-0.0008392845463742159,0.004172522023469939
321,0.07514710779130607,0.003105427247415804,0.0008769175293984258,-0.0007979395951095789,0.00429017293797216
322,0.0744617590249339,0.0028133054786591005,0.0011884483902520216,-0.0010111545234886901,0.0036400380410684594
323,0.07336990216384631,0.0028212783881622246,0.0012668855881339848,-0.0008495809955765526,0.0036847235856217603
324,0.072121920956975,0.00287663342926249,0.0011075792309790302,-0.0009433438252465943,0.004035916480496088
325,0.07128798332100694,0.0028641749535327637,0.0013071400733032628,-0.0006195880224518866,0.003981713219261017
326,0.07062592653124666,0.0026568017442494332,0.0011477382491155309,-0.0007319423392043844,0.0032170387652436655
327,0.06967708790971949,0.002655976259896487,0.0008692561463928446,-0.001027269132808999,0.003002172330865027
328,0.06858379344907806,0.002601979493923528,0.0006972741957528162,-0.0009027672486083115,0.0029742995571096775
329,0.06769831529087267,0.0026494912688632202,0.0005267522214721602,-0.0006885185473872613,0.002946225502660181
330,0.06654075026295492,0.0030728027748827894,0.0005675777064688258,-0.0006888752200849401,0.002821342784564154
331,0.06538754925652501,0.0030721867038595273,0.0005354049848332546,-0.0007471793130322656,0.002694537265124086
332,0.06443091660346367,0.003119953152302301,0.00012610018482126645,-0.0007794375246278958,0.002407549434124634
333,0.063648035601376,0.003023463484048944,0.00017528247954804246,-0.0010347880575938568,0.0027041797141436202
334,0.06247587442921476,0.0030628017028143974,-0.00011923631841383349,-0.0011828863127913009,0.002530004121976563
335,0.061685417401333154,0.003438450776775747,-0.00013316979442596147,-0.0016094043154520638,0.0029611203794426
336,0.060597482227263466,0.0030399737500684566,-6.896826302013256e-05,-0.001599849931900892,0.0033216994803503958
337,0.05961014735051007,0.002801512260603753,-6.40423215257993e-05,-0.00151334324493399,0.0038123852119181234
338,0.05851124625160897,0.0028385744392356548,-0.0003264468202570422,-0.0014404335494827714,0.003631689538581201
339,0.05733149507185786,0.0026866768398226652,-0.000521141631413694,-0.0018136717922885015,0.00358093288980086
340,0.05642380061577634,0.0029281597706675953,-0.00040419103152858,-0.0017723085338852609,0.0035914617721877
341,0.055011166596651506,0.0031672482104423798,-0.0006749078951776314,-0.0017846728553086132,0.003761862450632404
342,0.053962872785199734,0.002786563231572895,-0.0005562978300400687,-0.002038027429445928,0.003404944376142381
343,0.05285869977271118,0.0028655644582832665,-0.0006667611233066003,-0.0017991098917611009,0.0032286369602569087
344,0.051938579816331765,0.003315020072925806,-0.0005901964139592153,-0.001787552833865844,0.003461608873746025
345,0.05058776273673238,0.003246261415346955,-0.0003160247220728822,-0.0018666135402579682,0.003726937676739976
346,0.04897782713415655,0.003049233648627834,-0.00035867534611885507,-0.0017061009788600229,0.003734213355439539
347,0.0479229748134814,0.0032043797377630107,-0.0006133491717816167,-0.001755036958028559,0.003839379501159833
348,0.046849673154632954,0.0033722885103229516,-0.0004845263531164379,-0.0015940566079655268,0.0038407463441933395
349,0.046426868368805274,0.003533697075539549,-0.0006600561833039189,-0.0019033043946714498,0.003559775545402856
350,0.045941256947823916,0.0038837762799707153,-0.0009057595303536949,-0.002024854287909019,0.00347890199292461
351,0.04544972183143081,0.003709291835886138,-0.0006219616702780482,-0.0024456869471100526,0.0034947539039527978
352,0.04547394933483695,0.003949803172438971,-0.00024355242160640882,-0.002345098734529767,0.003547642018089582
353,0.04444958267347632,0.0037734566179598965,-0.0004819228614348966,-0.002477646220140718,0.0033467612275105765
354,0.04391168998742501,0.004187677965125848,-0.0005557165917391129,-0.0025967393062311488,0.003622499722194139
355,0.043243277935097746,0.004414488779078022,-0.00035455364117243857,-0.002269268965541943,0.0032079984325918062
356,0.04256503044562576,0.004293271567071752,-0.00019998707271154555,-0.0022580745032448907,0.0028390691551103617
357,0.04208073712180527,0.004284694852125112,-0.00031077158706423365,-0.002536141175025427,0.0026360782842133057
358,0.0423828701565665,0.004097870912854993,-0.00045259040015256484,-0.002380699943852699,0.0022915035461002625
359,0.04217367334283284,0.0041352951806477994,-0.00030289897336350895,-0.002166176889948787,0.0021165922717668456
360,0.041565415190496946,0.0041834369522298215,-0.00010499649854605643,-0.0021550337558503656,0.0024490002972221495
361,0.04134953603278313,0.004102951701360914,-0.00021121116131111832,-0.001978543281364426,0.0020663919304887077
362,0.04145395051864087,0.00442788779886874,-1.462916146885776e-05,-0.002010354869074811,0.001984418900900599
363,0.040702783702740275,0.004251878150698607,0.00016582925785392846,-0.0015663481524641164,0.0018562589544214789
364,0.04015721724330845,0.004291253584300644,9.49895123739039e-05,-0.0015461135503573309,0.0019045770368411735
365,0.03977092574643537,0.004717498520477367,0.00011865784995549779,-0.001608975641069356,0.0015896070283309
366,0.03924484450818799,0.0048621423652764305,0.00023680486010052917,-0.0015673184509198794,0.0017204211453778068
367,0.038537803235108914,0.005281106793444325,0.0002721154291572079,-0.001123474659733217,0.0017188790629771508
368,0.037832352433087246,0.0051288184419646075,0.0001858139349369195,-0.0012707319133534248,0.001923392348519841
369,0.038447114111786584,0.004999006912317885,0.00014952267629646764,-0.0013938200739200528,0.0020139211275732177
370,0.03801130221661242,0.005245867011125626,0.00020786369932009226,-0.0011360593452661109,0.0021143360047483004
371,0.03728497203545722,0.005443132857500407,8.336575512213167e-05,-0.0010035762896465957,0.001852552553183312
372,0.03700875138662907,0.00514674932144293,0.0003339825509028598,-0.0008164476048724608,0.002072740722209636
373,0.03701528711177404,0.005094016115779462,0.00022138756818839735,-0.0005404063610630894,0.0016990174365217048
374,0.03747198644506933,0.00518493432002658,0.00024609799289882286,-0.0006836511008194556,0.0015826177785583581
375,0.03719106823706064,0.00527293793507308,0.00036002024535990336,-0.0006795401512229848,0.0012136526506289283
376,0.03705443516059348,0.005221972684107824,0.0005968804230571112,-0.0006209093517414548,0.000752611882159325
377,0.03725636133815302,0.005460057391498397,0.0007528486231181807,-0.0006720753578325859,0.00105852712975716
378,0.037131238576197934,0.005752042922565953,0.0009063646846295074,-0.0004637488835374636,0.000622324552806551
379,0.03741167719272709,0.005565058913438416,0.0006212641093904358,-0.00018137300983536025,0.0003974284911160142
380,0.037190732602952026,0.005509116168106426,0.00034522041059995706,-5.3453718825939925e-05,-4.754036836238096e-05
381,0.037487385623800495,0.005833146139161274,0.0002545365174623764,3.307228064575174e-05,0.0004693014574168111
382,0.037292777276482836,0.005407305884994839,0.0005312653921270213,3.9880300748119935e-05,0.0005068956255866661
383,0.037248898382231,0.00524075785379698,0.0006245400470951141,-7.626508882796652e-05,0.0010313598192695506
384,0.037058482364799805,0.005297915835519747,0.0004887807290216619,-0.00015451404109366636,0.0010647948346273958
385,0.03724256830500339,0.005317835507597676,0.0004884252459741167,-9.034935101148896e-05,0.0009702367931823247
386,0.03664372540638505,0.005519121787924804,0.00041110636588510135,-5.751054576019765e-05,0.001020690126032113
387,0.03646189928122068,0.00571286004883775,0.00010609071263126615,-0.00015295370964358602,0.0015071704324403912
388,0.03683747988653385,0.005697772731786673,-4.3439400316832785e-05,-8.506938788432027e-05,0.001506673306176022
389,0.03621954398519489,0.005706253374360648,0.00016517128109827875,-0.0001439463691432774,0.0018723087103629243
390,0.03604441890662036,0.005225441058315412,0.00023408306387868484,0.0001578293100903544,0.002219602052204117
391,0.03571214504317155,0.00531549828377165,0.0003972233675739005,2.979284336284381e-05,0.0027010598295725483
392,0.03606585144391028,0.0053227394518396455,0.0005576895081455223,0.0001989669380826689,0.002879005194269396
393,0.0359401698058498,0.0050734324264605085,0.0006577524783991547,0.0004702713433862582,0.003233698662350952
394,0.03559722211384386,0.005234056319824668,0.0006192697243234627,0.00045855402877588436,0.003301631096989825
395,0.0359818364083444,0.004982290436969929,0.0005951548889947932,0.00022824259815080496,0.0031992718678081344
396,0.036034648795435165,0.005013606001144349,0.0007829844927211525,0.00032618725460966703,0.0028803633402324502
397,0.03538040182659841,0.005259019380924088,0.001084252405923393,0.0006238298973587943,0.002996353188750342
398,0.03526646977493675,0.005001722759881689,0.0012968184598566683,0.0004491372380035566,0.0028199918398398582
399,0.035977622192030934,0.00458648375294541,0.0013415622851777678,0.00032966533297085383,0.0028280107031748367
400,0.03561644323769064,0.004380490229686326,0.0012879902467937236,0.00018797537146222724,0.002588138634944559
401,0.035744771284752064,0.004231530190294399,0.0013659783635059722,0.00012098409874234176,0.00283000692703924
402,0.03533414371929311,0.004284858303631733,0.00124509130832289,-3.873740718855247e-05,0.0029694867876170483
403,0.035326754033071284,0.004127640956580806,0.0011983683685586229,-0.00010377927602656795,0.0034303368797411263
404,0.03575236162050466,0.00405141609840649,0.0011896103806424366,-8.621069966617198e-05,0.0037912303173723433
405,0.035317057985901235,0.00414839866409104,0.0012883174304569693,0.00021041520173670225,0.0038240299193321448
406,0.03530385958519544,0.003726069024577186,0.0011393906199651908,0.0001423343740833173,0.004039250183046038
407,0.03524831158764563,0.0036615448991160378,0.0010510416303644507,0.00026004405509215747,0.004048872731045851
408,0.03509334372425754,0.0035686429363806886,0.0012160543847906536,0.00011849641712105737,0.004025909583082708
409,0.035189243534986314,0.003432812667038161,0.0013353434221281216,0.00020337515522656294,0.003919043659890251
410,0.0354317276253967,0.003667609396827736,0.0011835723749057357,0.00024293709605657972,0.00417038589934661
411,0.03575402378780035,0.0035253801600022908,0.000879736264886067,0.00027075951957820053,0.00394051333697841
412,0.03583444865429952,0.0037639122166165627,0.0009583387251791853,0.0004683490120301996,0.0038539148724231337
413,0.034573950243088625,0.003584273372508929,0.001104466929896731,0.0005282839235233108,0.004588132025960992
414,0.034803735338944986,0.0037465940734358397,0.0010525284506696323,0.00040635300739257085,0.004992172491896624
415,0.03481781212969548,0.0036196164851819146,0.0011886363448657972,0.00044926463042676765,0.004758375244855277
416,0.03453753928124903,0.0033154858582465224,0.0011245191540732464,0.000319193080051048,0.004936366942869565
417,0.03501932258880758,0.003194370810056555,0.0009502329046854139,0.0003889308451156259,0.0049067524342826935
418,0.03487167913120304,0.0031656191184833878,0.0008219319524238114,0.00026808925054365267,0.004980838244778789
419,0.03530898723533371,0.003216860962538346,0.0005834178382357353,0.0001653710222307512,0.005088260169084882
420,0.03489314872498506,0.003162034683519579,0.0003365305633524617,1.8337110466979528e-05,0.005225695193831946
421,0.03514622821771618,0.0031947896322275862,0.00025264449409217495,-0.000145013226083417,0.005108770584894555
422,0.0354196848370687,0.0027004195355637105,0.0003160486782287173,-0.00022046227802705563,0.005420178040035084
423,0.035092919127348354,0.002840859811181675,0.0004643603217937414,-0.0002927561086512719,0.005516067023314954
424,0.035586640382616275,0.0027634835803889007,0.0002583849305908461,-0.00012146791836523639,0.006112431752171792
425,0.03579532227822835,0.002553888140874795,0.00012852711101474582,-0.00034863229926808056,0.00588303810172551
426,0.03612664645453123,0.002512623258669522,-0.00029229402409210355,-0.0005591489383561486,0.005952237109431102
427,0.035641244431299346,0.0027671306965018246,-2.6741853831569948e-05,-0.0005390056276786525,0.006359514404526742
428,0.03599914786800651,0.003168858955372944,-0.00019688474856308612,-0.00040536710335156365,0.006269290918780868
429,0.03581134040235168,0.003289327053265907,-0.0003477933773596287,-0.0007659971222926752,0.006615730971492567
430,0.035987255692744524,0.003225263690353187,-0.0002609578852603659,-0.0006846415398889943,0.006738325304308838
431,0.03608041590765021,0.003437632600301204,-8.288831228088142e-05,-0.0007323645251128708,0.007036674975488225
432,0.03586182537361371,0.0033157256861501977,-0.00025298910864059165,-0.0008453602606514985,0.007313038206234836
433,0.035665206614115874,0.003055542008701874,-0.0005413046991445359,-0.001057459689450476,0.0070778683849847535
434,0.03556841372341035,0.0033563049670111943,-0.00035339604785205973,-0.0012060766963294233,0.006883284800241127
435,0.03552222341173339,0.0034679464523924286,-0.00026583670116847764,-0.001440306086193761,0.007223616880552827
436,0.035429112085621384,0.003609681357973637,-0.0005754512877438481,-0.0014216643702481234,0.007273579807545914
437,0.035331947882311865,0.0038745076942627264,-0.0006928142086525587,-0.0014028851595717894,0.00765779538932989
438,0.035145154296782,0.003748754045224765,-0.0007341560141575169,-0.0011538579886998523,0.007555255849518695
439,0.03481477084339446,0.003637393611746847,-0.0006659032805116033,-0.0011807298577039358,0.008111410428309755
440,0.035291809562417176,0.003355048912010397,-0.0006440275738525403,-0.0014575646430972852,0.00864697415523493
441,0.036388421428551254,0.0034614179862796496,-0.000843975045507997,-0.001649254001038044,0.00795174960928724
442,0.036263929705516396,0.0031881998907512844,-0.0006554923943830311,-0.00144171130654089,0.007905562972605161
443,0.03634620041221748,0.0032494447585864096,-0.0006118040640128502,-0.0015943123417240385,0.007872320008234727
444,0.03616996384257798,0.00338921840998245,-0.0005506163181256433,-0.0016237699910507542,0.008092039932312556
445,0.036060142777699644,0.003410786887856374,-0.00042437248963960415,-0.0017633876410633968,0.00823564773435629
446,0.0360467407285755,0.0034336796896188536,-0.0001122735005500055,-0.001597902595685657,0.008081784948317593
447,0.0361124079469739,0.0036324701914803373,-0.00014531805740408514,-0.0015287125264955865,0.007724026031052093
448,0.036393272884012284,0.003830072400270206,-0.0001190722302063605,-0.0013107237186511748,0.00727699161713638
449,0.035737747921792296,0.004001981619798478,-0.0002751679782684053,-0.0009989212461982647,0.0069735506850780865
450,0.035855141557642245,0.0044175879255684905,-0.0002882544818833231,-0.0010185510016206406,0.006738544623105906
451,0.036216802708409546,0.004528913532805268,-0.00027069013340134604,-0.000742354383431577,0.006498800568229185
452,0.03577781208325759,0.0046333316581605825,-0.00017758765890524622,-0.0008072172448103758,0.006255124972991091
453,0.03518886116887576,0.004675778833658693,-0.0004031712969355134,-0.0009724862243340598,0.006428169208062551
454,0.03487147336837193,0.004861432227707192,-0.00024514651337158473,-0.0006564366572062025,0.006333371484647465
455,0.034878116107008195,0.004848398127775686,-0.0005489216400595123,-0.0006575173681309058,0.006417139980562744
456,0.034817618156364416,0.004878957469536177,-0.00035750328417096314,-0.0007762722007472814,0.006201870559517146
457,0.03451406185624162,0.004877622473688014,-0.00032288390363186155,-0.0003146206685497033,0.006247003779888481
458,0.03495414310200995,0.00485539694907542,-0.00016386950773279556,-0.00017613851309925856,0.006160785304888304
459,0.03518081113311933,0.004766187768135286,-0.0002945440145106261,0.0002046586750368267,0.005160289037401747
460,0.035212052876862576,0.004692012471937835,-0.00034456136710118296,0.0003781845805946749,0.0048253463291973095
461,0.03490610558487295,0.004705124827944409,-0.00015034821914978493,0.0003754863521269521,0.004704857906866915
462,0.03517274099921486,0.004428313992127359,-0.00028080110594347167,0.0004383728334288427,0.005043453361497509
463,0.03511506428254807,0.004326018517252197,-0.00034921927780992047,0.0006898096150380374,0.004896147710036949
464,0.03526958601354946,0.004452259472274962,-0.00019016175236071485,0.0008754953391921991,0.0051514350882941665
465,0.035120849279713706,0.004140956790282625,-6.0952719415658524e-05,0.0006977517574398885,0.00479690958044806
466,0.03472005225084829,0.004257610836725049,-5.855229358011499e-05,0.000703272736861639,0.004975382652116264
467,0.03491723770660182,0.004580633419087689,-5.022969555756353e-05,0.0007199179329067384,0.004759076195352964
468,0.03475262306965865,0.004420915085055235,-1.4948544436293662e-05,0.0007138852288725572,0.004281594835362425
469,0.03485634798047821,0.004342607003661233,0.0002501521208262327,0.0009166157073325458,0.004871165737433326
470,0.034686260333303465,0.004252218117935559,0.0001646810018196554,0.001120537155251778,0.004833355868370047
471,0.0346095487443302,0.004216124428791199,0.00024858030426782966,0.0010330622356520824,0.004555960006797248
472,0.03461083565801948,0.004760831045739874,0.00033581431364036914,0.001082933447714221,0.004253373090125405
473,0.034125352709700074,0.004762235752477969,0.00041964338756112635,0.0010235616967982294,0.003762287671939868
474,0.03421525380879997,0.004584681241781161,0.00016527311966489482,0.0008041965116400117,0.003479653872835206
475,0.033856927181644125,0.004668411895891036,-1.2380675666187266e-05,0.0009382321402799584,0.003329040507758986
476,0.03377936116204905,0.004449367590657918,6.295993323724401e-05,0.0006853209665426234,0.003219954064264452
477,0.03427991547742726,0.0041790328380518355,1.8286664152638438e-05,0.0001363913967414223,0.003771900459113929
478,0.03430695096439962,0.004136602520234258,-0.00010868720231702565,0.00020757371582290178,0.0035607641527395234
479,0.03408616271650289,0.004208666466080941,-0.00025634482522217394,0.00011073750158923333,0.003574494341171172
480,0.034163193528827795,0.004250221549652832,-0.0002088507469340476,-6.106666573667437e-05,0.0034928848928143727
481,0.034801593937208275,0.00399825757774544,-0.00010641119623731703,0.0002854804118922142,0.003073618580534912
482,0.03452096712753483,0.0042633588029034886,-0.00020497423890050714,0.0007400748687973295,0.0030833362343258702
483,0.034054294636092663,0.00403948118151819,-4.878516031629407e-05,0.000691337736167856,0.002916873348085991
484,0.03382496433708648,0.003711116586269443,-0.0002971996567518974,0.0006399765370494019,0.0030782128616935883
485,0.03380631221216901,0.0036440687648905436,-0.00031247885401638857,0.0005583889095058941,0.002506010392638973
486,0.0334973718023267,0.003612723087106872,-0.000427935146228086,0.0005991922475865469,0.002021527660494196
487,0.033009714760228404,0.0037661065125491194,-0.0005359739355746363,0.0005766828342394087,0.001995913802085511
488,0.03319019777173848,0.004289779984387523,-0.00047094567505765426,0.0005165726774590054,0.0018614819405930669
489,0.033375707056609194,0.004132086196563557,-0.0002707611957300012,0.0006960096558006716,0.0021351783108988914
490,0.032774618369263764,0.004365532187259814,-0.0002227365658238386,0.000690018099286465,0.0021883422534868316
491,0.03297164448102352,0.004462268213528853,-0.00016893789810368091,0.0004181140118724655,0.00218562002976818
492,0.03273707919098834,0.004477293193710628,-0.00026431549298193066,9.784021682115486e-05,0.0016332491532077761
493,0.03274805132177616,0.004406030033111165,-5.209693194071878e-05,5.269647916044361e-05,0.0014199290084217983
494,0.03296993596377318,0.004412136077966405,-8.440768691012415e-05,-0.00017632530137715562,0.0011890437740691567
495,0.032974256995289886,0.004060444864571529,-6.106107864512454e-05,-0.00032694858050619224,0.0011390465262520327
496,0.03286308135426608,0.004160041934013304,-0.00014176480733347,-0.00040475023571847485,0.0015646203565876232
497,0.03288627730769467,0.004201965413370885,-0.0002525640391254618,-0.0006632817765664586,0.0010517578278800219
498,0.03257868988526125,0.004120479103071013,-0.00018586335219576873,-0.0012778277950564985,0.0006602908003446456
499,0.03207554375151955,0.00400967987127902,-0.00023582516709438027,-0.0010530633548174566,0.0007810458801946335
500,0.03224200688360901,0.003223932186676378,-0.00019256965148863395,-0.000750978087294402,0.00048604747047747976
501,0.032539458763612306,0.003221255660878237,-0.00024836382809745143,-0.0004636955519504264,0.001086397729628756
502,0.032650020313437444,0.003528967662138626,-0.0002553429222700056,-0.0005461668197077989,0.0011932446144164582
503,0.03332081535097109,0.0031286820242493775,0.00012587242000401157,-0.0005010849297806836,0.0009213939386622863
504,0.03298247186214809,0.0029416226410047056,3.131593336220401e-05,-0.00034685427877764914,0.0006912328441826959
505,0.03301737717944542,0.0031237508571735767,0.0003606494671403466,-0.00011438178887011007,0.0005654807889746427
506,0.03238690078451667,0.002695473455839762,0.0005931204653414606,-0.0002746472587912968,0.0008317114586387925
507,0.03240546801786437,0.002276280881362388,0.0005975670657133569,-0.00036779487437403266,0.0009973973744704379
508,0.03256757541401423,0.0023817353793772304,0.00041536909924129624,-0.00013017755956985615,0.0007766952370657706
509,0.032356056630480134,0.002368453326318312,0.0005001253346172876,-0.0003858690322389169,0.0006548378645616637
510,0.03248215833756518,0.0018872103614204876,0.00046694683428550286,-0.0012338167050041093,0.0011426245389384235
511,0.03282230737477454,0.0018837550712492816,0.0006273147772481048,-0.0014796539217627816,0.0011732637463388942
512,0.033048117802066956,0.002206297492331852,0.0007787142143618267,-0.001656156955408673,0.0012801037066869497
513,0.03289108423841769,0.002434159028490559,0.0009313702081393174,-0.0016631064950684941,0.0017193681763540553
514,0.03212373934631674,0.0021956395042567467,0.0009334382243658002,-0.0014310750744571544,0.0018510337458076398
515,0.031924466787889294,0.0019242065225433917,0.0011284297590140914,-0.0016047853407981996,0.0023292130003907396
516,0.0314573205090628,0.0016057911098429807,0.0013220085038693642,-0.0017948186873960482,0.0025375799187209863
517,0.031386792212583,0.0017614965045801949,0.0011010971372517366,-0.0019525063759356764,0.002593977074914343
518,0.03188654172496497,0.0015777030589154105,0.0010362874295848853,-0.0020835047212197366,0.002732766937112649
519,0.03141755717579553,0.0017207668945662669,0.0009033182312438368,-0.0018747276481958577,0.0028683249451324985
520,0.03134685865751463,0.0015952842690836432,0.0008104738703631036,-0.001757100007800749,0.0033580985140298086
521,0.031184743451720065,0.0017041736972222103,0.0005472862123300955,-0.0015969337274320365,0.0030993083507910163
522,0.03036217947897113,0.0018125385868988236,0.0006388861277304998,-0.0015418248352399248,0.003148550724355187
523,0.030094915384377585,0.0020693041330774355,0.0006035996011345395,-0.0012847372843265079,0.0032690423102545163
524,0.029832446515031474,0.002576305941244871,0.0007313915870996151,-0.0007828286425926,0.0031287516252894026
525,0.02936727705175235,0.0024067745847251715,0.000830196912475609,-0.0007538122231046038,0.0035050851857719653
526,0.02954856004372064,0.002416033886851573,0.0008045104875719616,-0.000606828791711516,0.003744016029002005
527,0.02959394353008138,0.0023754992399555724,0.000760074287864428,-0.0007258427763721653,0.0034954798292866907
528,0.02913569640711966,0.002981917899211803,0.0006896319097297408,-0.0009572963045289904,0.00359344436707236
529,0.029209211599727336,0.0033288695371029575,0.0007050014960042691,-0.0009917291862030862,0.0037875231940604215
530,0.028696664506407288,0.0031980479777099675,0.0007615421775449514,-0.0010486167430906416,0.00399097567331802
531,0.028239966965579733,0.0031875929027289224,0.0005545216198790826,-0.0013676320286741123,0.004372248044171634
532,0.028570645280070917,0.003855327945463966,0.0005912684213820133,-0.0017875855696236394,0.00463415095248812
533,0.028386894841591626,0.0037661640987196494,0.0004168535955714498,-0.0021317632856202168,0.0043966251280293245
534,0.028772083387054725,0.003945322089443374,0.0004096707978271455,-0.0017227684130763088,0.004334591391375674
535,0.028710373987314353,0.00416579762995898,0.0004533520861886558,-0.0016036032667056579,0.004605929600262404
536,0.02822359126648899,0.0040034947075297984,0.000768172243005608,-0.0015118254671192925,0.0048613969035861335
537,0.02767314317396341,0.004099766323288241,0.0006857535054074337,-0.001448369811698047,0.005445706408237973
538,0.028093899337479855,0.004191544122874605,0.0009089478772769787,-0.0013627880725343641,0.0053139281534577976
539,0.02745130354038361,0.004607053521319706,0.0008506041316154508,-0.0011404501577766228,0.004984886825867049
540,0.026579844317879964,0.004539123414135426,0.000917790702061121,-0.0008694406132744113,0.005109110428351521
541,0.02684681605182171,0.0044214293977533625,0.000993896905130933,-0.0009953176692071436,0.004839041021008517
542,0.026915339003715344,0.004522176921097302,0.0011467804103460957,-0.0012361455907556,0.005242640530709858
543,0.0268686063847281,0.00419603284246764,0.0011915655205789813,-0.0012322649810755995,0.005026498439876417
544,0.02672805941225853,0.004082869927940755,0.0008647396969879081,-0.0010856059561818246,0.005085082006506217
545,0.02666591066629964,0.0041051187567727535,0.0010829363658140453,-0.0008611645450258398,0.004946710570225367
546,0.026415703924228984,0.00408755218132725,0.0011679470472714289,-0.0008052723843476016,0.004617621869683529
547,0.02635266688215454,0.00446717208199153,0.0012666195665608625,-0.0009812784878606255,0.004591820077153329
548,0.026810864101352694,0.00425441788990449,0.0013942608876269438,-0.0009643180573585871,0.004448708611691922
549,0.026700870463609805,0.004110532499174792,0.0013299783518872753,-0.0009953029511998931,0.005161392651954234
550,0.027623706189602082,0.004010710039208918,0.0013669119795856628,-0.0011196175795778127,0.005376866249338419
551,0.027565647869130294,0.004078194841489122,0.001465983051023783,-0.0014442842233268315,0.004982846558214925
552,0.028156112910255104,0.003697799175586755,0.001320419881352057,-0.0013793051240008156,0.005190840695217108
553,0.028686526188777983,0.0037979445116549278,0.0011649273972719146,-0.0011608311231600596,0.004993134454206932
554,0.028666818910014213,0.0039342071185989175,0.001253552029443666,-0.000909269482468552,0.004922773544700623
555,0.02903328778445724,0.004128611949855521,0.0013922534497462103,-0.000971590120631886,0.004988270983017087
556,0.029467282709801923,0.003951984957504359,0.0013811057033831474,-0.0011733963329028999,0.005095958392275668
557,0.029581076634481063,0.004031025766882249,0.0015342337752798849,-0.0015053828938068545,0.0042544062902633226
558,0.029685099556959416,0.004161038359035172,0.0013880979767718227,-0.001428680399221149,0.0038821723695422056
559,0.02947950377614239,0.004273003598116842,0.001330773105737931,-0.0010640057734730216,0.003904711101925855
560,0.029373582815382826,0.00395792178212262,0.0014065662832710314,-0.0007195585952697505,0.0038793432821930193
561,0.0292689111619322,0.004160126436598528,0.0015295855508583069,-0.0002871580901575247,0.0039648834472215955
562,0.02947769185360294,0.00420857487690619,0.001483018142170658,-0.0006231877066271395,0.004267128759552097
563,0.029574695533997164,0.004175986991452611,0.0016267176292715027,-0.0007975139160025721,0.004355744998506071
564,0.02970936382137479,0.004072827944273421,0.0013944901243167253,-0.0007000138185024735,0.004324999383683546
565,0.030186949491658344,0.004107993984313701,0.001449915712971905,-0.0006916369283427801,0.003626959781000194
566,0.030477891469996354,0.004410244286564002,0.001240663470049426,-0.0006194642797422035,0.0032159459036182614
567,0.0309747085859714,0.004230456407437664,0.0010105879393813699,-0.00033811254123458645,0.0035927445476298878
568,0.03139498840451094,0.00416492668718383,0.0009924839007633812,-3.6675064575015376e-06,0.0034866041277855572
569,0.031039461578395877,0.004196278425691449,0.0009550656452600205,-7.27473627714012e-05,0.003921348041908329
570,0.031199211584844178,0.004396320315651573,0.001068598580608808,0.0002684865925636302,0.0038362630347822183
571,0.031216541426133837,0.004982834864932076,0.0008757099357167217,0.00037646157691925697,0.0041382596428611584
572,0.031080675350531606,0.005285245319997491,0.0010030335924521416,0.00022725416668243487,0.004022441643996927
573,0.03170228230956362,0.005477680736560183,0.000988798543320889,2.1079814431935323e-06,0.0039917417458058685
574,0.03194656714097788,0.00588551432454083,0.0009017095703115294,0.00025053708373283523,0.0041280348595425925
575,0.032141143550861395,0.005544163656597462,0.001041359262652218,0.00025631303608148436,0.004344699354532376
576,0.03162378342135019,0.005955147276237235,0.0010476516167043214,0.0003026222821595186,0.004634963815292124
577,0.0314998434343966,0.005758572364638184,0.0013359447344463479,0.00023664322982685886,0.004619660984880612
578,0.031574436171403986,0.005815668503376965,0.0012824842109816562,0.00028553289397741273,0.004730072074660606
579,0.03216484505158368,0.006031721376557383,0.001260928385854402,0.0007363469608629089,0.0050309317689545135
580,0.03210550169338,0.006290716148235547,0.0013836163073838274,0.0005219342878735843,0.004387170386212856
581,0.031670993264685476,0.006549757701919956,0.0015353529064820997,0.00043906406481298774,0.004704952453994923
582,0.03168827359555182,0.006966967814821316,0.0015884762944044471,9.477955818073223e-05,0.0047971964614632046
583,0.031224407843664093,0.00717783930304303,0.0014404892617758524,0.00033710755686081756,0.004969393368033481
584,0.030804727936289078,0.007280896853197702,0.0015085420973444431,0.0004985712118058122,0.004968475285865817
585,0.030324345441478884,0.007235721218185411,0.0012265361386069786,0.000769156002615231,0.0052858441689028965
586,0.03051344432606662,0.00724469923908962,0.0013364945280866288,0.0010308090397947965,0.005374143955222593
587,0.030520454303691325,0.0074005438646990405,0.0013355352375012033,0.0006789549572116631,0.0053556906767737306
588,0.03073072682471434,0.007606175078764151,0.001501597966335198,0.0009268544691598962,0.005500075017746943
589,0.031006512814786058,0.00732359548060001,0.001479187562029461,0.0008913713290091482,0.005734869947259719
590,0.031113376339194643,0.007513549835489155,0.0013969744780092264,0.0008129999778870543,0.005807651057927785
591,0.0312104324675051,0.007861952022646643,0.0012705727058442019,0.0008552208955911779,0.0052797668060459435
592,0.030859473118248215,0.00840799032523587,0.0013862356786500316,0.0005124105527808329,0.0051885986683758226
593,0.03120087060108645,0.008284053373129124,0.0015737245324422642,0.0008554720086099039,0.005961863864717941
594,0.030648851575887592,0.00794057445822164,0.0015753047297744974,0.0008942044009977654,0.006257479319272341
595,0.031241286430579662,0.007832157123639317,0.0018011058503817935,0.0007840410191384435,0.0060438895238066614
596,0.03131488385281178,0.00787468198962454,0.0015906697999868054,0.00040445434412115025,0.006093723919156614
597,0.03169989026194797,0.007976472825654154,0.00137496381121072,0.0005373349949698569,0.005505645089889953
598,0.03216770098811883,0.007735840543723001,0.0011983412752568194,0.0003570538114684302,0.005189039574444332
599,0.03269307962094736,0.007846920679204204,0.0012764437244523804,4.28206112030316e-05,0.004877779653809415
600,0.03283326102059725,0.0076737181833490785,0.0011785724726306197,7.746315825875316e-05,0.0045809659147846155
601,0.032527845934208655,0.007544256536044378,0.0012813672893672978,0.00014388904860613942,0.004952963948391467
602,0.03179041886207934,0.0074163455930694,0.001394963324160399,-0.00018680746615646823,0.004739131361153892
603,0.032240038498690726,0.007729990011972106,0.001102110363897327,-2.36434722102382e-05,0.004310888417982592
604,0.03232492798360109,0.007522943606416251,0.0012369034549266841,-0.00015864668497151714,0.00421590058372117
605,0.03293208409712456,0.007907335421550733,0.001118647174132693,-0.00010822377623483613,0.0040491610231929084
606,0.03292729041711229,0.007775589095634278,0.0010457746932638363,-0.00011715653195424475,0.003672247560414059
607,0.032747895121024606,0.007472683816524314,0.0008850776202904212,-0.0003625053266320642,0.0034942284705748172
608,0.03244180581084022,0.007456009339181419,0.0008239826318729507,-0.0004125186465060316,0.0038265419018718855
609,0.03306943593265643,0.007430391939682313,0.000659270169031452,-0.0003073989507112098,0.003271830983742431
610,0.033342320313498375,0.006887608898192982,0.0005396628997567827,4.332842085058922e-06,0.003358599042356969
611,0.03408482064751561,0.006798911816794574,0.0005541078792004658,-0.0002016624416908818,0.003805901593946469
612,0.03450923149275931,0.007103593796294539,0.00048104015326509535,-5.3718382742535056e-05,0.0037647404277703564
613,0.034697134008596975,0.006984885695994526,0.0005145604027572189,-0.00011785983312205539,0.0035468583359161837
614,0.03498674102542021,0.006996711203809656,0.0006966309314048649,-0.0003483500727636205,0.003536833190492604
615,0.03504671338950649,0.006934019277732496,0.0009810910286217039,7.655840036230321e-06,0.0033955917187342283
616,0.03505893384031056,0.006823833396945051,0.000820968750059237,-0.000469896833247066,0.0033515916873289933
617,0.034820368966652415,0.0072876749826539765,0.0008393899043439776,-0.0005662689043166077,0.002790129589934104
618,0.034631742502441054,0.0069965338519106975,0.0009550252658809769,-0.0003997134098922602,0.0021934208977006375
619,0.034409880873681464,0.006665978309583983,0.0009187769084142514,0.00013041487459065394,0.0021810946425000755
620,0.03519957175003208,0.0063117689389811694,0.0008301251455222151,0.00011574101299830462,0.0023808783271941844
621,0.035015047052150194,0.006171823148100056,0.0007523091319588792,-0.00026194874913946717,0.002298689087862092
622,0.03469145770495041,0.006237077878222721,0.0009104254906070718,-0.00021647147265208173,0.002543015411637234
623,0.034273908351230786,0.00659404509046492,0.000940369543524975,-0.00043425581144323697,0.002594631793826789
624,0.034330070993391026,0.00691820872352842,0.0010068640040995832,-0.000617132912345773,0.0024188126759917966
625,0.03392036542007448,0.006837242488276898,0.0012897627339094695,-0.0005138790732756963,0.0027453000265617172
626,0.03333236447806087,0.006897080569065104,0.0014606007177095405,-0.0006330124521437188,0.0026524378500069265
627,0.032998152564513106,0.006197598769023295,0.0014303524832948375,-0.00033627194505781756,0.002500680596559099
628,0.03246112536989876,0.0062294892629258004,0.0016351926750914608,-0.0003601064294717366,0.0029766629930134264
629,0.03272082715398528,0.0059431373373267475,0.0013101173330439548,-0.0005018404759353605,0.00277557322074317
630,0.03315515389014434,0.005826971345670864,0.0012387787555977591,-0.00011575470433159048,0.002761866944715523
631,0.03287708752012397,0.005509379321810455,0.001344657044714849,-0.000351397057117132,0.002783758756327512
632,0.032823389551121296,0.005323481880961222,0.0014859473367351116,-0.00017596308850577336,0.002357225677256068
633,0.03244399421071564,0.005119763784547211,0.0014085110804278825,-0.0002004947912125233,0.0019370897996711864
634,0.032178591736385376,0.004853102734036694,0.001343707870205154,-6.372933606527131e-05,0.0018903954743848539
635,0.03227891494361257,0.004445069505199805,0.0014471398140107842,-0.00028019288096527845,0.0019109518955045257
636,0.032498610769964964,0.004517899511906367,0.0014742492664467383,-0.00022718291113443465,0.0017558569867613394
637,0.031866727290316144,0.004297596104090862,0.0014271978495323072,-0.0003645700348229291,0.0016659518952666236
638,0.03158199836268416,0.004454904197009755,0.001372041541837619,-0.00047488265021230526,0.001722511451249513
639,0.03058873711576593,0.004193314894324562,0.001308873417445006,-0.0006046896750630613,0.001350288171399927
640,0.030636001624482656,0.0032657739923705326,0.001068965118783233,-0.0006102176480384334,0.0014768027829466165
641,0.030182555811179346,0.0030415618585374095,0.0014216400047025474,-0.0005854486384502602,0.001617745496899102
642,0.029969456821205664,0.003155271976217358,0.0011621971136868258,-0.00048626732754196433,0.0017614853591779514
643,0.03019730321862535,0.0030427669567626436,0.0008007161546137401,-0.0007562546142500255,0.0019818737606485046
644,0.030245023282357675,0.002719219433703953,0.0006455116295395868,-0.0005949824225577483,0.0017439891879724861
645,0.030180196502560985,0.002433173669289357,0.0004313072191176829,-0.0007674404259850193,0.0017658951533230036
646,0.03023500710161031,0.00261648107133167,0.0002535591170153371,-0.0007642210961974257,0.0019752369422734103
647,0.03011611984072715,0.003172161709754623,0.000181981348960256,-0.001179408763585972,0.0018450755638319133
648,0.029467813214603122,0.003113186327901009,0.00033595469503101653,-0.0011336201833789025,0.0017889318828764322
649,0.029785159066388234,0.0032961886521952824,0.000136006156686911,-0.0009786143646246474,0.0015936097090630957
650,0.030004305235402207,0.0035314518565191244,7.769189466401774e-05,-0.0007559361636189765,0.0012288038978380683
651,0.030078057851109397,0.003020284470240067,8.278361288791003e-06,-0.0007904042786692489,0.001103250173721454
652,0.030349563848176997,0.0025374123419889157,-8.990531505362331e-05,-0.0008135250650564106,0.0009424853346280682
653,0.03068469129816187,0.002468373832615226,-0.00011042202256928563,-0.0010726020121281793,0.0013785869904802892
654,0.0311976999316943,0.0024221322598409027,-0.00040011956397089515,-0.0012591496713640644,0.002006471568685976
655,0.03161241071145526,0.0027845172510164162,-0.00046433057744392665,-0.0011898977932819372,0.002399439381560821
656,0.03187853676653696,0.0028127060416939242,-0.000534064474147747,-0.0010939000739094411,0.0020669502405146895
657,0.031350077336670834,0.003210034191418163,-0.00028853980333572,-0.0007956406760331863,0.0019913023927493403
658,0.03137786144418864,0.003203264518749388,-0.0001846257494978621,-0.0010206823175967824,0.0023593503360235524
659,0.0314207852078322,0.0031133415361060957,-7.171556625997985e-05,-0.0011238635894148929,0.0021933332111748055
660,0.03133440416661337,0.0033181003188054795,-0.0002550098890280149,-0.0011439850931149846,0.002543535691881836
661,0.03184312955037871,0.0036323715630482943,-0.000274520315399868,-0.0012573256623151646,0.0028180958342039486
662,0.03194959799396102,0.003876596314208173,-5.237666108350893e-05,-0.001370603408517029,0.0029448619962836597
663,0.03148401973736037,0.0043268969548705405,-0.00014826688260993585,-0.0010389906405247843,0.002798151957192234
664,0.031655514455361966,0.004074357257455696,-3.784615603630824e-05,-0.0012487178934616865,0.0030477323922446647
665,0.03162522661486977,0.004147321164157964,-2.0722738547260602e-05,-0.0009952651720016529,0.0036376048828395957
666,0.03178614721635442,0.004352228985145246,0.00019655083037465985,-0.000792628980354473,0.0031199529020202385
667,0.032411464330566964,0.004619700687717498,0.0003197261822621856,-0.0004060239893461451,0.002818937264526193
668,0.03213473121707633,0.004965312689530439,0.0006507505840434181,-0.0003443103136602354,0.002522421508540963
669,0.033254245044406106,0.0049035632812443886,0.00035414955479932606,-0.00041651286867493316,0.002537416958197619
670,0.03349708562633169,0.0047630919697027665,0.00045352198977076895,-0.000773524185891836,0.0020338397219471158
671,0.03330931522932712,0.004780729898304432,0.0005229059992320987,-0.0008028119084785273,0.002106427542429533
672,0.033383377191794406,0.004947426859014652,0.0006059929172537656,-0.000736323404445207,0.0021662835797158497
673,0.033777537002486424,0.004752175375103373,0.000859044032128822,-0.000567090939654841,0.0023414673398517716
